,number,value,datetime_start,datetime_complete,duration,params_DIAsynprice_DIA_beta_win,params_DIAsynprice_DIA_stop_loss,params_DIAsynprice_DIA_trade_freq,params_DIAsynprice_DIA_z_entry,params_DIAsynprice_DIA_z_exit,params_DIAsynprice_DIA_z_stop_scaler,params_DIAsynprice_DIA_z_win,params_QQQsynprice_QQQ_beta_win,params_QQQsynprice_QQQ_stop_loss,params_QQQsynprice_QQQ_trade_freq,params_QQQsynprice_QQQ_z_entry,params_QQQsynprice_QQQ_z_exit,params_QQQsynprice_QQQ_z_stop_scaler,params_QQQsynprice_QQQ_z_win,params_XLBsynprice_XLB_beta_win,params_XLBsynprice_XLB_stop_loss,params_XLBsynprice_XLB_trade_freq,params_XLBsynprice_XLB_z_entry,params_XLBsynprice_XLB_z_exit,params_XLBsynprice_XLB_z_stop_scaler,params_XLBsynprice_XLB_z_win,params_XLCsynprice_XLC_beta_win,params_XLCsynprice_XLC_stop_loss,params_XLCsynprice_XLC_trade_freq,params_XLCsynprice_XLC_z_entry,params_XLCsynprice_XLC_z_exit,params_XLCsynprice_XLC_z_stop_scaler,params_XLCsynprice_XLC_z_win,params_XLEsynprice_XLE_beta_win,params_XLEsynprice_XLE_stop_loss,params_XLEsynprice_XLE_trade_freq,params_XLEsynprice_XLE_z_entry,params_XLEsynprice_XLE_z_exit,params_XLEsynprice_XLE_z_stop_scaler,params_XLEsynprice_XLE_z_win,params_XLFsynprice_XLF_beta_win,params_XLFsynprice_XLF_stop_loss,params_XLFsynprice_XLF_trade_freq,params_XLFsynprice_XLF_z_entry,params_XLFsynprice_XLF_z_exit,params_XLFsynprice_XLF_z_stop_scaler,params_XLFsynprice_XLF_z_win,params_XLIsynprice_XLI_beta_win,params_XLIsynprice_XLI_stop_loss,params_XLIsynprice_XLI_trade_freq,params_XLIsynprice_XLI_z_entry,params_XLIsynprice_XLI_z_exit,params_XLIsynprice_XLI_z_stop_scaler,params_XLIsynprice_XLI_z_win,params_XLKsynprice_XLK_beta_win,params_XLKsynprice_XLK_stop_loss,params_XLKsynprice_XLK_trade_freq,params_XLKsynprice_XLK_z_entry,params_XLKsynprice_XLK_z_exit,params_XLKsynprice_XLK_z_stop_scaler,params_XLKsynprice_XLK_z_win,params_XLPsynprice_XLP_beta_win,params_XLPsynprice_XLP_stop_loss,params_XLPsynprice_XLP_trade_freq,params_XLPsynprice_XLP_z_entry,params_XLPsynprice_XLP_z_exit,params_XLPsynprice_XLP_z_stop_scaler,params_XLPsynprice_XLP_z_win,params_XLREsynprice_XLRE_beta_win,params_XLREsynprice_XLRE_stop_loss,params_XLREsynprice_XLRE_trade_freq,params_XLREsynprice_XLRE_z_entry,params_XLREsynprice_XLRE_z_exit,params_XLREsynprice_XLRE_z_stop_scaler,params_XLREsynprice_XLRE_z_win,params_XLUsynprice_XLU_beta_win,params_XLUsynprice_XLU_stop_loss,params_XLUsynprice_XLU_trade_freq,params_XLUsynprice_XLU_z_entry,params_XLUsynprice_XLU_z_exit,params_XLUsynprice_XLU_z_stop_scaler,params_XLUsynprice_XLU_z_win,params_XLVsynprice_XLV_beta_win,params_XLVsynprice_XLV_stop_loss,params_XLVsynprice_XLV_trade_freq,params_XLVsynprice_XLV_z_entry,params_XLVsynprice_XLV_z_exit,params_XLVsynprice_XLV_z_stop_scaler,params_XLVsynprice_XLV_z_win,params_XLYsynprice_XLY_beta_win,params_XLYsynprice_XLY_stop_loss,params_XLYsynprice_XLY_trade_freq,params_XLYsynprice_XLY_z_entry,params_XLYsynprice_XLY_z_exit,params_XLYsynprice_XLY_z_stop_scaler,params_XLYsynprice_XLY_z_win,params_buffer_capital,params_pairs_to_trade,state
0,0,-7.986600072385561,2025-06-21 01:34:30.990135,2025-06-21 01:34:31.634657,0 days 00:00:00.644522,,,,,,,,,,,,,,,,,,,,,,,,,,,,,,,,,,,,28.0,0.025,5m,0.9,0.7,1.5,36.0,12.0,0.0225,3m,0.7,0.6,2.5,42.0,54.0,0.0225,4m,0.6,0.5,1.5,28.0,,,,,,,,,,,,,,,,,,,,,,,,,,,,,,,,,,,,0.2,3,COMPLETE
1,1,-14.950705458066306,2025-06-21 01:34:31.677095,2025-06-21 01:34:33.464235,0 days 00:00:01.787140,14.0,0.0125,2m,0.9,1.0,3.0,60.0,18.0,0.04,3m,0.8,0.7,2.0,14.0,38.0,0.0375,3m,0.6,0.9,3.0,38.0,,,,,,,,52.0,0.0125,2m,0.6,0.8,2.5,10.0,16.0,0.0325,4m,1.0,0.6,1.5,12.0,,,,,,,,48.0,0.035,1m,0.7,1.0,3.0,48.0,54.0,0.027500000000000004,1m,1.0,0.8,2.5,38.0,,,,,,,,28.0,0.02,2m,1.0,1.0,2.0,42.0,,,,,,,,62.0,0.03,2m,0.8,0.8,2.0,52.0,0.5,9,COMPLETE
2,2,-3.660957549772084,2025-06-21 01:34:33.504306,2025-06-21 01:34:33.758898,0 days 00:00:00.254592,,,,,,,,,,,,,,,,,,,,,,,,,,,,,,,,,,,,,,,,,,,,,,,,,,12.0,0.015,2m,0.8,0.8,1.5,30.0,,,,,,,,,,,,,,,,,,,,,,,,,,,,,,,,,,,,0.5,1,COMPLETE
3,3,1.5842362007282857,2025-06-21 01:34:33.778442,2025-06-21 01:34:34.388397,0 days 00:00:00.609955,,,,,,,,22.0,0.0225,2m,1.0,0.6,3.0,52.0,50.0,0.045000000000000005,3m,0.6,0.5,1.5,40.0,,,,,,,,,,,,,,,,,,,,,,,,,,,,,,,,,,,,,,,,,,,,,,,,,,,,,,,,,56.0,0.027500000000000004,4m,0.7,0.7,3.0,16.0,,,,,,,,0.35000000000000003,3,COMPLETE
4,4,-10.224986698311087,2025-06-21 01:34:34.408617,2025-06-21 01:34:36.359699,0 days 00:00:01.951082,,,,,,,,12.0,0.05,3m,0.9,0.8,2.5,20.0,,,,,,,,,,,,,,,48.0,0.0475,2m,0.9,0.8,2.0,16.0,56.0,0.015,3m,0.7,0.9,1.5,40.0,22.0,0.0325,3m,0.5,0.6,2.5,38.0,24.0,0.0325,2m,0.5,0.9,2.5,44.0,50.0,0.025,2m,0.6,1.0,3.0,48.0,10.0,0.045000000000000005,5m,1.0,0.9,1.5,32.0,24.0,0.02,2m,1.0,0.6,1.5,38.0,64.0,0.04,1m,0.7,0.6,3.0,44.0,36.0,0.02,3m,1.0,0.8,2.5,46.0,0.15000000000000002,10,COMPLETE
5,5,-26.33958685987415,2025-06-21 01:34:36.380043,2025-06-21 01:34:37.717163,0 days 00:00:01.337120,,,,,,,,,,,,,,,16.0,0.02,5m,0.6,1.0,2.5,28.0,10.0,0.0475,5m,0.8,0.9,2.5,20.0,24.0,0.04,2m,0.6,0.9,3.0,26.0,,,,,,,,,,,,,,,,,,,,,,42.0,0.035,2m,0.8,0.6,2.5,34.0,,,,,,,,48.0,0.01,1m,0.8,0.6,1.5,60.0,40.0,0.02,1m,0.7,0.7,2.5,42.0,,,,,,,,0.25,6,COMPLETE
6,6,-6.4870129996849455,2025-06-21 01:34:37.748634,2025-06-21 01:34:38.397258,0 days 00:00:00.648624,32.0,0.027500000000000004,3m,0.6,0.6,2.5,40.0,,,,,,,,,,,,,,,,,,,,,,12.0,0.0425,2m,1.0,0.6,3.0,16.0,46.0,0.035,5m,0.9,0.5,1.5,30.0,,,,,,,,,,,,,,,,,,,,,,,,,,,,,,,,,,,,,,,,,,,,,,,,,,0.25,3,COMPLETE
7,7,-22.201937367810807,2025-06-21 01:34:38.420795,2025-06-21 01:34:40.571077,0 days 00:00:02.150282,62.0,0.0375,2m,0.9,1.0,1.5,14.0,16.0,0.02,3m,0.8,0.8,3.0,56.0,,,,,,,,14.0,0.03,2m,0.9,0.5,2.0,56.0,50.0,0.0325,1m,0.8,0.9,1.5,22.0,62.0,0.015,3m,0.5,0.7,3.0,12.0,,,,,,,,62.0,0.027500000000000004,1m,1.0,1.0,2.5,44.0,16.0,0.0175,5m,0.5,1.0,1.5,54.0,50.0,0.05,4m,0.9,0.6,1.5,34.0,,,,,,,,26.0,0.0375,2m,0.8,0.6,1.5,18.0,54.0,0.01,2m,0.8,0.7,3.0,16.0,0.1,10,COMPLETE
8,8,-6.365189985793988,2025-06-21 01:34:40.594784,2025-06-21 01:34:41.212555,0 days 00:00:00.617771,,,,,,,,36.0,0.015,2m,0.7,0.8,3.0,46.0,,,,,,,,,,,,,,,58.0,0.0375,3m,0.5,0.6,2.5,28.0,,,,,,,,,,,,,,,,,,,,,,,,,,,,,,,,,,,,30.0,0.0125,3m,0.5,0.9,2.5,50.0,,,,,,,,,,,,,,,0.05,3,COMPLETE
9,9,-88.52391353253917,2025-06-21 01:34:41.235480,2025-06-21 01:34:41.660847,0 days 00:00:00.425367,,,,,,,,,,,,,,,,,,,,,,,,,,,,,20.0,0.04,1m,0.6,0.8,2.0,16.0,,,,,,,,,,,,,,,,,,,,,,,,,,,,,,,,,,,,18.0,0.0225,4m,0.5,0.7,2.0,48.0,,,,,,,,,,,,,,,0.5,2,COMPLETE
10,10,-177.3011114840383,2025-06-21 01:34:41.681380,2025-06-21 01:34:42.925780,0 days 00:00:01.244400,64.0,0.05,1m,0.5,0.5,1.5,12.0,,,,,,,,,,,,,,,,,,,,,,36.0,0.0175,5m,0.8,0.5,1.5,60.0,,,,,,,,,,,,,,,,,,,,,,10.0,0.05,3m,1.0,0.5,1.5,10.0,64.0,0.01,3m,0.5,1.0,3.0,60.0,64.0,0.05,5m,0.7,0.5,3.0,10.0,,,,,,,,10.0,0.0475,1m,0.5,0.5,1.5,12.0,0.35000000000000003,6,COMPLETE
11,11,-6.329533158987913,2025-06-21 01:34:42.965198,2025-06-21 01:34:43.236515,0 days 00:00:00.271317,,,,,,,,,,,,,,,,,,,,,,,,,,,,,,,,,,,,,,,,,,,,,,,,,,,,,,,,,64.0,0.01,4m,0.8,0.8,2.0,14.0,,,,,,,,,,,,,,,,,,,,,,,,,,,,,0.4,1,COMPLETE
12,12,-5.769897106935517,2025-06-21 01:34:43.257784,2025-06-21 01:34:43.505338,0 days 00:00:00.247554,40.0,0.01,5m,0.7,0.8,3.0,64.0,,,,,,,,,,,,,,,,,,,,,,,,,,,,,,,,,,,,,,,,,,,,,,,,,,,,,,,,,,,,,,,,,,,,,,,,,,,,,,,,,,,,,0.4,1,COMPLETE
13,13,-22.241537558730347,2025-06-21 01:34:43.528861,2025-06-21 01:34:44.627938,0 days 00:00:01.099077,,,,,,,,,,,,,,,,,,,,,,,,,,,,,36.0,0.025,4m,1.0,1.0,3.0,50.0,,,,,,,,62.0,0.01,1m,1.0,1.0,1.5,10.0,14.0,0.0125,2m,0.9,0.7,1.5,16.0,28.0,0.05,5m,0.7,0.7,3.0,64.0,,,,,,,,,,,,,,,58.0,0.01,4m,0.5,1.0,3.0,10.0,,,,,,,,0.35000000000000003,5,COMPLETE
14,14,-45.83664633644273,2025-06-21 01:34:44.647801,2025-06-21 01:34:45.543284,0 days 00:00:00.895483,,,,,,,,,,,,,,,,,,,,,,64.0,0.0125,3m,0.5,0.6,3.0,62.0,,,,,,,,12.0,0.05,2m,0.5,1.0,3.0,62.0,,,,,,,,,,,,,,,26.0,0.04,1m,0.5,0.5,2.0,24.0,,,,,,,,46.0,0.0425,5m,0.7,0.8,3.0,18.0,,,,,,,,,,,,,,,0.45,4,COMPLETE
15,15,-35.58669457974355,2025-06-21 01:34:45.563814,2025-06-21 01:34:45.836965,0 days 00:00:00.273151,,,,,,,,,,,,,,,,,,,,,,,,,,,,,,,,,,,,,,,,,,,,,,,,,,,,,,,,,,,,,,,,,,,,,,,10.0,0.035,1m,0.8,1.0,2.5,26.0,,,,,,,,,,,,,,,0.35000000000000003,1,COMPLETE
16,16,-10.818924078132612,2025-06-21 01:34:45.855984,2025-06-21 01:34:47.326162,0 days 00:00:01.470178,10.0,0.027500000000000004,4m,1.0,0.8,2.0,38.0,64.0,0.027500000000000004,2m,0.5,0.5,1.5,64.0,,,,,,,,,,,,,,,,,,,,,,,,,,,,,52.0,0.0475,5m,1.0,1.0,1.5,64.0,,,,,,,,,,,,,,,20.0,0.0175,1m,0.6,0.5,3.0,64.0,64.0,0.0325,3m,0.9,0.8,1.5,28.0,46.0,0.025,4m,1.0,0.9,2.0,60.0,14.0,0.05,4m,0.5,1.0,3.0,30.0,0.45,7,COMPLETE
17,17,-12.276855619312807,2025-06-21 01:34:47.347336,2025-06-21 01:34:48.207452,0 days 00:00:00.860116,,,,,,,,36.0,0.01,1m,1.0,0.5,2.5,34.0,62.0,0.05,3m,1.0,0.5,1.5,60.0,,,,,,,,,,,,,,,,,,,,,,,,,,,,,,,,,,,,34.0,0.01,3m,0.9,0.9,3.0,26.0,,,,,,,,,,,,,,,,,,,,,,32.0,0.0325,5m,1.0,0.5,1.5,32.0,0.45,4,COMPLETE
18,18,-5.929334226666978,2025-06-21 01:34:48.227858,2025-06-21 01:34:48.675586,0 days 00:00:00.447728,,,,,,,,,,,,,,,,,,,,,,52.0,0.01,4m,0.5,1.0,1.5,10.0,26.0,0.025,5m,0.7,0.5,2.0,42.0,,,,,,,,,,,,,,,,,,,,,,,,,,,,,,,,,,,,,,,,,,,,,,,,,,,,,,,,,0.3,2,COMPLETE
19,19,-12.883169374606702,2025-06-21 01:34:48.697619,2025-06-21 01:34:49.188982,0 days 00:00:00.491363,,,,,,,,,,,,,,,,,,,,,,32.0,0.05,1m,1.0,0.7,3.0,36.0,,,,,,,,,,,,,,,,,,,,,,,,,,,,,,,,,,,,,,,,,,,,,,,,,,,,,,,,,48.0,0.0375,1m,0.7,1.0,2.5,62.0,0.3,2,COMPLETE
20,20,-15.446509715656063,2025-06-21 01:34:49.207431,2025-06-21 01:34:50.085841,0 days 00:00:00.878410,,,,,,,,54.0,0.03,5m,1.0,0.6,3.0,38.0,54.0,0.05,1m,0.5,0.5,1.5,12.0,,,,,,,,,,,,,,,,,,,,,,40.0,0.05,2m,0.5,0.8,3.0,10.0,,,,,,,,,,,,,,,34.0,0.03,2m,0.7,0.7,2.0,12.0,,,,,,,,,,,,,,,,,,,,,,0.5,4,COMPLETE
21,21,-5.121329118202729,2025-06-21 01:34:50.106664,2025-06-21 01:34:50.360873,0 days 00:00:00.254209,42.0,0.01,5m,0.7,0.8,3.0,62.0,,,,,,,,,,,,,,,,,,,,,,,,,,,,,,,,,,,,,,,,,,,,,,,,,,,,,,,,,,,,,,,,,,,,,,,,,,,,,,,,,,,,,0.4,1,COMPLETE
22,22,-3.8173131433752374,2025-06-21 01:34:50.378860,2025-06-21 01:34:50.630263,0 days 00:00:00.251403,44.0,0.02,5m,0.7,0.7,2.5,50.0,,,,,,,,,,,,,,,,,,,,,,,,,,,,,,,,,,,,,,,,,,,,,,,,,,,,,,,,,,,,,,,,,,,,,,,,,,,,,,,,,,,,,0.4,1,COMPLETE
23,23,-4.819127039817244,2025-06-21 01:34:50.648773,2025-06-21 01:34:51.100236,0 days 00:00:00.451463,,,,,,,,,,,,,,,,,,,,,,,,,,,,,,,,,,,,,,,,,,,,,,,,,,,,,,,,,64.0,0.04,4m,0.7,0.7,2.0,48.0,,,,,,,,,,,,,,,,,,,,,,26.0,0.01,4m,0.7,0.7,2.0,24.0,0.4,2,COMPLETE
24,24,-7.988982473513917,2025-06-21 01:34:51.120057,2025-06-21 01:34:51.785371,0 days 00:00:00.665314,,,,,,,,26.0,0.0225,4m,0.6,1.0,2.0,50.0,,,,,,,,,,,,,,,10.0,0.05,3m,0.5,1.0,2.5,64.0,,,,,,,,,,,,,,,,,,,,,,,,,,,,,,,,,,,,42.0,0.05,4m,0.6,0.5,2.5,62.0,,,,,,,,,,,,,,,0.45,3,COMPLETE
25,25,-5.136696697379827,2025-06-21 01:34:51.813464,2025-06-21 01:34:52.071453,0 days 00:00:00.257989,,,,,,,,,,,,,,,,,,,,,,34.0,0.03,1m,0.7,0.8,1.5,40.0,,,,,,,,,,,,,,,,,,,,,,,,,,,,,,,,,,,,,,,,,,,,,,,,,,,,,,,,,,,,,,,,0.35000000000000003,1,COMPLETE
26,26,-6.648106461505889,2025-06-21 01:34:52.091286,2025-06-21 01:34:52.547831,0 days 00:00:00.456545,,,,,,,,46.0,0.04,2m,0.9,1.0,2.5,28.0,,,,,,,,48.0,0.04,5m,0.7,1.0,2.0,38.0,,,,,,,,,,,,,,,,,,,,,,,,,,,,,,,,,,,,,,,,,,,,,,,,,,,,,,,,,,,,,,,,0.5,2,COMPLETE
27,27,-9.329268560945895,2025-06-21 01:34:52.567395,2025-06-21 01:34:53.637008,0 days 00:00:01.069613,50.0,0.02,5m,0.8,0.6,2.5,50.0,,,,,,,,,,,,,,,,,,,,,,,,,,,,,,,,,,,,30.0,0.0325,4m,0.8,0.8,2.0,62.0,,,,,,,,,,,,,,,36.0,0.035,1m,0.8,0.8,2.5,10.0,54.0,0.04,5m,0.9,0.9,2.0,28.0,,,,,,,,22.0,0.0225,3m,0.9,0.9,3.0,44.0,0.3,5,COMPLETE
28,28,-3.9858425444027783,2025-06-21 01:34:53.659699,2025-06-21 01:34:54.125160,0 days 00:00:00.465461,,,,,,,,,,,,,,,,,,,,,,,,,,,,,64.0,0.01,4m,0.9,0.7,1.5,38.0,,,,,,,,,,,,,,,30.0,0.05,3m,0.8,0.7,1.5,62.0,,,,,,,,,,,,,,,,,,,,,,,,,,,,,,,,,,,,0.45,2,COMPLETE
29,29,-8.697374592009918,2025-06-21 01:34:54.143758,2025-06-21 01:34:54.800688,0 days 00:00:00.656930,,,,,,,,,,,,,,,,,,,,,,,,,,,,,42.0,0.02,3m,0.7,0.7,2.5,52.0,,,,,,,,46.0,0.01,5m,0.7,0.5,3.0,28.0,10.0,0.01,5m,0.8,0.8,2.0,10.0,,,,,,,,,,,,,,,,,,,,,,,,,,,,,,,,,,,,0.4,3,COMPLETE
30,30,-14.533117188937915,2025-06-21 01:34:54.832384,2025-06-21 01:34:56.290815,0 days 00:00:01.458431,,,,,,,,26.0,0.0375,1m,0.7,0.6,1.5,64.0,,,,,,,,20.0,0.02,4m,1.0,0.5,2.5,50.0,30.0,0.03,5m,0.9,0.6,2.0,48.0,,,,,,,,64.0,0.04,1m,0.8,0.9,2.0,50.0,38.0,0.0175,2m,1.0,0.5,2.0,28.0,20.0,0.02,5m,0.6,0.6,2.5,62.0,,,,,,,,,,,,,,,,,,,,,,46.0,0.0425,5m,0.6,0.6,2.0,58.0,0.2,7,COMPLETE
31,31,-5.6732745574702115,2025-06-21 01:34:56.313835,2025-06-21 01:34:56.803574,0 days 00:00:00.489739,,,,,,,,,,,,,,,,,,,,,,26.0,0.0375,3m,0.8,0.7,1.5,24.0,,,,,,,,,,,,,,,,,,,,,,,,,,,,,,,,,,,,,,,,,,,,,,,,,,,,,,,,,44.0,0.02,5m,0.6,0.9,2.5,42.0,0.45,2,COMPLETE
32,32,-6.012660238071205,2025-06-21 01:34:56.824110,2025-06-21 01:34:57.076566,0 days 00:00:00.252456,,,,,,,,26.0,0.01,5m,0.9,0.7,3.0,44.0,,,,,,,,,,,,,,,,,,,,,,,,,,,,,,,,,,,,,,,,,,,,,,,,,,,,,,,,,,,,,,,,,,,,,,,,,,,,,,0.5,1,COMPLETE
33,33,-8.046925391795067,2025-06-21 01:34:57.096099,2025-06-21 01:34:57.562216,0 days 00:00:00.466117,,,,,,,,,,,,,,,,,,,,,,,,,,,,,,,,,,,,32.0,0.05,1m,0.7,0.9,2.5,64.0,,,,,,,,,,,,,,,,,,,,,,,,,,,,,10.0,0.027500000000000004,3m,0.6,0.7,3.0,12.0,,,,,,,,,,,,,,,0.45,2,COMPLETE
34,34,-10.135669035065094,2025-06-21 01:34:57.580279,2025-06-21 01:34:58.446409,0 days 00:00:00.866130,,,,,,,,42.0,0.0225,4m,1.0,0.9,2.0,54.0,,,,,,,,46.0,0.02,2m,0.6,0.8,2.5,26.0,,,,,,,,,,,,,,,,,,,,,,,,,,,,,46.0,0.035,4m,0.9,0.9,1.5,22.0,58.0,0.027500000000000004,4m,1.0,1.0,2.0,48.0,,,,,,,,,,,,,,,,,,,,,,0.4,4,COMPLETE
35,35,-8.288863313761253,2025-06-21 01:34:58.466495,2025-06-21 01:34:59.124374,0 days 00:00:00.657879,,,,,,,,,,,,,,,,,,,,,,62.0,0.0225,5m,0.6,0.9,2.0,12.0,,,,,,,,44.0,0.04,4m,0.6,0.5,2.5,52.0,,,,,,,,,,,,,,,36.0,0.0175,2m,0.9,0.9,2.0,38.0,,,,,,,,,,,,,,,,,,,,,,,,,,,,,0.5,3,COMPLETE
36,36,-16.300732919027425,2025-06-21 01:34:59.144081,2025-06-21 01:34:59.416882,0 days 00:00:00.272801,,,,,,,,,,,,,,,,,,,,,,,,,,,,,,,,,,,,,,,,,,,,,,,,,,,,,,,,,56.0,0.045000000000000005,1m,0.6,0.6,2.5,54.0,,,,,,,,,,,,,,,,,,,,,,,,,,,,,0.35000000000000003,1,COMPLETE
37,37,-5.5771825545989895,2025-06-21 01:34:59.433911,2025-06-21 01:35:00.103867,0 days 00:00:00.669956,,,,,,,,,,,,,,,,,,,,,,,,,,,,,,,,,,,,,,,,,,,14.0,0.02,2m,0.9,0.7,1.5,24.0,,,,,,,,,,,,,,,,,,,,,,,,,,,,,14.0,0.05,5m,0.5,0.8,2.5,26.0,64.0,0.027500000000000004,2m,0.9,0.6,1.5,20.0,0.25,3,COMPLETE
38,38,-34.40396195705613,2025-06-21 01:35:00.123919,2025-06-21 01:35:02.043051,0 days 00:00:01.919132,26.0,0.0375,1m,0.5,0.7,2.0,26.0,22.0,0.05,2m,0.6,0.6,2.5,28.0,,,,,,,,42.0,0.04,3m,0.9,0.6,3.0,48.0,64.0,0.01,4m,0.9,0.7,1.5,36.0,,,,,,,,,,,,,,,26.0,0.0475,3m,0.8,0.7,1.5,64.0,28.0,0.0325,3m,0.7,0.7,1.5,32.0,46.0,0.04,3m,0.5,0.5,2.5,24.0,54.0,0.0425,4m,0.9,0.6,2.5,54.0,,,,,,,,22.0,0.04,1m,0.9,0.6,2.5,54.0,0.2,9,COMPLETE
39,39,-2.294437259363096,2025-06-21 01:35:02.083100,2025-06-21 01:35:02.545712,0 days 00:00:00.462612,,,,,,,,,,,,,,,,,,,,,,,,,,,,,,,,,,,,,,,,,,,,,,,,,,,,,,,,,,,,,,,,26.0,0.02,5m,0.8,0.7,1.5,48.0,,,,,,,,50.0,0.0325,3m,0.9,0.5,3.0,30.0,,,,,,,,0.45,2,COMPLETE
40,40,-10.747635273644324,2025-06-21 01:35:02.564662,2025-06-21 01:35:02.829828,0 days 00:00:00.265166,50.0,0.02,3m,0.8,0.9,2.5,48.0,,,,,,,,,,,,,,,,,,,,,,,,,,,,,,,,,,,,,,,,,,,,,,,,,,,,,,,,,,,,,,,,,,,,,,,,,,,,,,,,,,,,,0.4,1,COMPLETE
41,41,-2.0936800458215217,2025-06-21 01:35:02.847342,2025-06-21 01:35:03.297344,0 days 00:00:00.450002,,,,,,,,,,,,,,,,,,,,,,,,,,,,,,,,,,,,,,,,,,,,,,,,,,,,,,,,,,,,,,,,26.0,0.02,5m,0.8,0.7,1.5,48.0,,,,,,,,,,,,,,,56.0,0.0175,3m,0.6,0.9,2.0,36.0,0.45,2,COMPLETE
42,42,-65.06645306781984,2025-06-21 01:35:03.318085,2025-06-21 01:35:03.781024,0 days 00:00:00.462939,,,,,,,,,,,,,,,,,,,,,,,,,,,,,,,,,,,,,,,,,,,,,,,,,,,,,,,,,,,,,,,,24.0,0.02,5m,0.8,0.7,1.5,50.0,36.0,0.015,1m,0.6,0.9,2.0,20.0,,,,,,,,,,,,,,,0.5,2,COMPLETE
43,43,-5.796421611962295,2025-06-21 01:35:03.800271,2025-06-21 01:35:04.459582,0 days 00:00:00.659311,,,,,,,,,,,,,,,,,,,,,,,,,,,,,,,,,,,,,,,,,,,,,,,,,,18.0,0.02,5m,0.6,0.8,2.0,28.0,,,,,,,,,,,,,,,18.0,0.027500000000000004,2m,0.7,0.7,1.5,32.0,50.0,0.0325,3m,0.9,0.5,3.0,28.0,,,,,,,,0.45,3,COMPLETE
44,44,-7.269549341103449,2025-06-21 01:35:04.498996,2025-06-21 01:35:04.759326,0 days 00:00:00.260330,,,,,,,,,,,,,,,,,,,,,,,,,,,,,,,,,,,,,,,,,,,,,,,,,,40.0,0.04,4m,0.9,0.6,3.0,20.0,,,,,,,,,,,,,,,,,,,,,,,,,,,,,,,,,,,,0.35000000000000003,1,COMPLETE
45,45,-6.732196398599424,2025-06-21 01:35:04.776786,2025-06-21 01:35:05.429301,0 days 00:00:00.652515,,,,,,,,,,,,,,,,,,,,,,,,,,,,,,,,,,,,22.0,0.01,1m,0.8,0.8,2.0,26.0,30.0,0.0225,4m,0.6,0.5,2.5,52.0,32.0,0.025,2m,0.7,0.9,2.5,36.0,,,,,,,,,,,,,,,,,,,,,,,,,,,,,,,,,,,,0.4,3,COMPLETE
46,46,-5.377293748989475,2025-06-21 01:35:05.451023,2025-06-21 01:35:05.707701,0 days 00:00:00.256678,,,,,,,,,,,,,,,,,,,,,,,,,,,,,,,,,,,,,,,,,,,,,,,,,,,,,,,,,12.0,0.0225,3m,1.0,1.0,3.0,18.0,,,,,,,,,,,,,,,,,,,,,,,,,,,,,0.05,1,COMPLETE
47,47,-4.6283137962474035,2025-06-21 01:35:05.727718,2025-06-21 01:35:06.193348,0 days 00:00:00.465630,,,,,,,,10.0,0.0325,2m,0.5,0.5,3.0,38.0,,,,,,,,,,,,,,,,,,,,,,,,,,,,,,,,,,,,20.0,0.015,2m,0.5,0.9,2.0,54.0,,,,,,,,,,,,,,,,,,,,,,,,,,,,,,,,,,,,0.45,2,COMPLETE
48,48,-11.021192233383362,2025-06-21 01:35:06.213160,2025-06-21 01:35:07.154449,0 days 00:00:00.941289,,,,,,,,,,,,,,,38.0,0.0325,4m,0.8,0.7,2.0,50.0,,,,,,,,18.0,0.0325,1m,0.7,0.9,3.0,32.0,,,,,,,,,,,,,,,,,,,,,,,,,,,,,,,,,,,,36.0,0.0375,3m,1.0,1.0,3.0,42.0,,,,,,,,56.0,0.015,3m,0.6,0.9,2.0,36.0,0.15000000000000002,4,COMPLETE
49,49,-3.999609204860741,2025-06-21 01:35:07.185979,2025-06-21 01:35:08.303689,0 days 00:00:01.117710,,,,,,,,30.0,0.015,5m,0.8,0.7,2.5,58.0,,,,,,,,56.0,0.035,2m,0.9,0.6,2.5,64.0,,,,,,,,,,,,,,,,,,,,,,52.0,0.0425,5m,0.9,0.6,1.5,36.0,,,,,,,,26.0,0.02,5m,0.7,0.8,2.0,48.0,,,,,,,,54.0,0.025,3m,0.8,0.5,3.0,30.0,,,,,,,,0.5,5,COMPLETE
50,50,-14.52163316331967,2025-06-21 01:35:08.325714,2025-06-21 01:35:08.829284,0 days 00:00:00.503570,28.0,0.02,4m,0.6,0.5,2.0,26.0,,,,,,,,50.0,0.01,2m,0.8,0.7,2.0,36.0,,,,,,,,,,,,,,,,,,,,,,,,,,,,,,,,,,,,,,,,,,,,,,,,,,,,,,,,,,,,,,,,,,,,,,,0.3,2,COMPLETE
51,51,-10.253235871366254,2025-06-21 01:35:08.851667,2025-06-21 01:35:09.122995,0 days 00:00:00.271328,,,,,,,,,,,,,,,,,,,,,,,,,,,,,,,,,,,,,,,,,,,,,,,,,,,,,,,,,,,,,,,,,,,,,,,,,,,,,,36.0,0.0175,3m,1.0,0.7,2.5,10.0,,,,,,,,0.45,1,COMPLETE
52,52,-7.595695243080918,2025-06-21 01:35:09.141015,2025-06-21 01:35:09.615859,0 days 00:00:00.474844,,,,,,,,,,,,,,,,,,,,,,,,,,,,,,,,,,,,42.0,0.025,2m,1.0,1.0,2.0,48.0,,,,,,,,,,,,,,,,,,,,,,,,,,,,,,,,,,,,64.0,0.0325,4m,0.6,0.8,2.0,20.0,,,,,,,,0.45,2,COMPLETE
53,53,-7.886236109921178,2025-06-21 01:35:09.634879,2025-06-21 01:35:10.091544,0 days 00:00:00.456665,,,,,,,,,,,,,,,,,,,,,,,,,,,,,,,,,,,,,,,,,,,52.0,0.04,5m,0.9,0.9,2.0,26.0,,,,,,,,42.0,0.015,4m,0.5,0.5,2.5,44.0,,,,,,,,,,,,,,,,,,,,,,,,,,,,,0.4,2,COMPLETE
54,54,-2.172632171908391,2025-06-21 01:35:10.112548,2025-06-21 01:35:10.351239,0 days 00:00:00.238691,,,,,,,,,,,,,,,,,,,,,,,,,,,,,,,,,,,,,,,,,,,,,,,,,,,,,,,,,,,,,,,,12.0,0.0125,5m,0.9,0.6,1.5,54.0,,,,,,,,,,,,,,,,,,,,,,0.5,1,COMPLETE
55,55,-5.952528497103624,2025-06-21 01:35:10.371552,2025-06-21 01:35:10.626598,0 days 00:00:00.255046,,,,,,,,,,,,,,,,,,,,,,,,,,,,,,,,,,,,,,,,,,,24.0,0.0175,4m,0.6,0.7,3.0,18.0,,,,,,,,,,,,,,,,,,,,,,,,,,,,,,,,,,,,,,,,,,,0.5,1,COMPLETE
56,56,-6.648327791215158,2025-06-21 01:35:10.644935,2025-06-21 01:35:10.904395,0 days 00:00:00.259460,,,,,,,,,,,,,,,,,,,,,,,,,,,,,,,,,,,,,,,,,,,38.0,0.04,2m,0.9,0.6,2.5,48.0,,,,,,,,,,,,,,,,,,,,,,,,,,,,,,,,,,,,,,,,,,,0.5,1,COMPLETE
57,57,-41.04989572369951,2025-06-21 01:35:10.922797,2025-06-21 01:35:11.185679,0 days 00:00:00.262882,,,,,,,,,,,,,,,,,,,,,,,,,,,,,,,,,,,,,,,,,,,,,,,,,,,,,,,,,,,,,,,,,,,,,,,56.0,0.045000000000000005,1m,0.8,0.5,2.0,64.0,,,,,,,,,,,,,,,0.5,1,COMPLETE
58,58,-45.388140432200935,2025-06-21 01:35:11.203824,2025-06-21 01:35:11.660298,0 days 00:00:00.456474,,,,,,,,,,,,,,,,,,,,,,26.0,0.045000000000000005,4m,0.6,0.9,2.0,28.0,,,,,,,,,,,,,,,56.0,0.027500000000000004,1m,0.6,0.9,2.0,32.0,,,,,,,,,,,,,,,,,,,,,,,,,,,,,,,,,,,,,,,,,,,0.35000000000000003,2,COMPLETE
59,59,1.7486151343149072,2025-06-21 01:35:11.677812,2025-06-21 01:35:12.305529,0 days 00:00:00.627717,52.0,0.05,5m,0.6,0.7,2.5,52.0,,,,,,,,16.0,0.04,3m,0.7,0.6,1.5,18.0,,,,,,,,,,,,,,,54.0,0.04,5m,0.6,0.6,2.5,20.0,,,,,,,,,,,,,,,,,,,,,,,,,,,,,,,,,,,,,,,,,,,,,,,,,,0.45,3,COMPLETE
60,60,-22.795434027380498,2025-06-21 01:35:12.325507,2025-06-21 01:35:12.981341,0 days 00:00:00.655834,,,,,,,,52.0,0.035,1m,0.9,0.9,2.0,10.0,,,,,,,,,,,,,,,,,,,,,,,,,,,,,44.0,0.027500000000000004,3m,0.7,0.7,1.5,58.0,,,,,,,,,,,,,,,,,,,,,,16.0,0.03,4m,0.5,0.8,2.5,18.0,,,,,,,,,,,,,,,0.45,3,COMPLETE
61,61,-14.97270256604239,2025-06-21 01:35:13.004605,2025-06-21 01:35:13.654762,0 days 00:00:00.650157,52.0,0.045000000000000005,5m,0.6,0.7,2.5,48.0,,,,,,,,,,,,,,,38.0,0.025,1m,0.7,0.7,1.5,50.0,42.0,0.045000000000000005,3m,0.5,1.0,2.5,54.0,,,,,,,,,,,,,,,,,,,,,,,,,,,,,,,,,,,,,,,,,,,,,,,,,,,,,,,,,0.4,3,COMPLETE
62,62,-6.996581374662504,2025-06-21 01:35:13.674064,2025-06-21 01:35:14.507501,0 days 00:00:00.833437,,,,,,,,,,,,,,,10.0,0.04,3m,0.7,0.6,1.5,12.0,,,,,,,,,,,,,,,,,,,,,,,,,,,,,10.0,0.01,3m,0.6,0.8,2.0,22.0,22.0,0.04,1m,0.8,0.8,2.0,58.0,,,,,,,,42.0,0.015,5m,0.9,0.9,1.5,56.0,,,,,,,,,,,,,,,0.45,4,COMPLETE
63,63,-1.8878949039912813,2025-06-21 01:35:14.526425,2025-06-21 01:35:14.785491,0 days 00:00:00.259066,,,,,,,,,,,,,,,,,,,,,,18.0,0.0125,3m,1.0,1.0,3.0,18.0,,,,,,,,,,,,,,,,,,,,,,,,,,,,,,,,,,,,,,,,,,,,,,,,,,,,,,,,,,,,,,,,0.5,1,COMPLETE
64,64,-9.873178986447744,2025-06-21 01:35:14.804346,2025-06-21 01:35:16.047610,0 days 00:00:01.243264,,,,,,,,,,,,,,,26.0,0.0425,3m,0.7,0.6,1.5,26.0,18.0,0.015,3m,1.0,1.0,3.0,18.0,,,,,,,,54.0,0.0425,5m,0.6,0.6,2.5,22.0,20.0,0.015,2m,1.0,1.0,3.0,44.0,46.0,0.03,4m,0.7,0.6,2.5,54.0,,,,,,,,10.0,0.0125,5m,0.9,0.6,1.5,52.0,,,,,,,,,,,,,,,,,,,,,,0.5,6,COMPLETE
65,65,-37.79250233207974,2025-06-21 01:35:16.077871,2025-06-21 01:35:16.555189,0 days 00:00:00.477318,58.0,0.04,4m,0.6,0.9,2.0,30.0,,,,,,,,,,,,,,,,,,,,,,,,,,,,,,,,,,,,,,,,,,,62.0,0.0175,1m,0.9,0.9,3.0,12.0,,,,,,,,,,,,,,,,,,,,,,,,,,,,,,,,,,,,0.5,2,COMPLETE
66,66,-8.448775115479599,2025-06-21 01:35:16.574929,2025-06-21 01:35:18.011558,0 days 00:00:01.436629,20.0,0.05,2m,0.5,0.6,1.5,56.0,64.0,0.027500000000000004,4m,1.0,0.6,1.5,44.0,28.0,0.027500000000000004,3m,0.5,0.5,2.0,46.0,,,,,,,,56.0,0.0175,4m,0.8,0.5,2.0,44.0,64.0,0.0425,5m,0.6,0.6,3.0,18.0,,,,,,,,,,,,,,,,,,,,,,18.0,0.025,5m,0.9,0.6,1.5,42.0,,,,,,,,44.0,0.045000000000000005,5m,0.9,0.6,3.0,36.0,,,,,,,,0.5,7,COMPLETE
67,67,-100.18111581519688,2025-06-21 01:35:18.037587,2025-06-21 01:35:18.733855,0 days 00:00:00.696268,,,,,,,,,,,,,,,,,,,,,,26.0,0.015,3m,0.9,0.9,3.0,32.0,,,,,,,,,,,,,,,32.0,0.045000000000000005,1m,0.5,0.5,2.0,18.0,,,,,,,,,,,,,,,,,,,,,,24.0,0.025,2m,0.6,0.6,3.0,34.0,,,,,,,,,,,,,,,0.45,3,COMPLETE
68,68,-3.9572008051459244,2025-06-21 01:35:18.755184,2025-06-21 01:35:19.205269,0 days 00:00:00.450085,,,,,,,,,,,,,,,,,,,,,,,,,,,,,,,,,,,,,,,,,,,,,,,,,,32.0,0.0375,2m,1.0,1.0,1.5,32.0,56.0,0.03,5m,0.6,0.9,3.0,28.0,,,,,,,,,,,,,,,,,,,,,,,,,,,,,0.5,2,COMPLETE
69,69,-5.932143330277201,2025-06-21 01:35:19.237155,2025-06-21 01:35:19.491649,0 days 00:00:00.254494,34.0,0.0325,3m,0.9,0.9,3.0,32.0,,,,,,,,,,,,,,,,,,,,,,,,,,,,,,,,,,,,,,,,,,,,,,,,,,,,,,,,,,,,,,,,,,,,,,,,,,,,,,,,,,,,,0.45,1,COMPLETE
70,70,-2.101403537451876,2025-06-21 01:35:19.509672,2025-06-21 01:35:19.762134,0 days 00:00:00.252462,,,,,,,,,,,,,,,,,,,,,,,,,,,,,,,,,,,,,,,,,,,,,,,,,,18.0,0.0225,2m,0.8,0.8,2.0,22.0,,,,,,,,,,,,,,,,,,,,,,,,,,,,,,,,,,,,0.5,1,COMPLETE
71,71,-1.3885015219739014,2025-06-21 01:35:19.780751,2025-06-21 01:35:20.040544,0 days 00:00:00.259793,,,,,,,,,,,,,,,,,,,,,,,,,,,,,,,,,,,,,,,,,,,,,,,,,,,,,,,,,,,,,,,,32.0,0.015,5m,0.8,0.7,2.0,56.0,,,,,,,,,,,,,,,,,,,,,,0.5,1,COMPLETE
72,72,-6.3669859381152,2025-06-21 01:35:20.059784,2025-06-21 01:35:20.304361,0 days 00:00:00.244577,,,,,,,,,,,,,,,,,,,,,,,,,,,,,30.0,0.025,5m,1.0,0.6,3.0,58.0,,,,,,,,,,,,,,,,,,,,,,,,,,,,,,,,,,,,,,,,,,,,,,,,,,,,,,,,,0.5,1,COMPLETE
73,73,-0.9924861329971396,2025-06-21 01:35:20.322387,2025-06-21 01:35:20.575190,0 days 00:00:00.252803,,,,,,,,,,,,,,,,,,,,,,,,,,,,,,,,,,,,,,,,,,,,,,,,,,,,,,,,,,,,,,,,30.0,0.015,5m,0.8,0.7,1.5,58.0,,,,,,,,,,,,,,,,,,,,,,0.45,1,COMPLETE
74,74,-5.3877524385560855,2025-06-21 01:35:20.593059,2025-06-21 01:35:20.853507,0 days 00:00:00.260448,,,,,,,,,,,,,,,,,,,,,,,,,,,,,,,,,,,,,,,,,,,,,,,,,,,,,,,,,,,,,,,,,,,,,,,,,,,,,,32.0,0.01,2m,0.6,1.0,1.5,54.0,,,,,,,,0.5,1,COMPLETE
75,75,-24.55444310927305,2025-06-21 01:35:20.870524,2025-06-21 01:35:21.128008,0 days 00:00:00.257484,,,,,,,,,,,,,,,46.0,0.045000000000000005,1m,0.9,0.6,2.5,24.0,,,,,,,,,,,,,,,,,,,,,,,,,,,,,,,,,,,,,,,,,,,,,,,,,,,,,,,,,,,,,,,,,,,,,,,0.5,1,COMPLETE
76,76,-5.547945699344279,2025-06-21 01:35:21.146387,2025-06-21 01:35:21.405835,0 days 00:00:00.259448,,,,,,,,32.0,0.045000000000000005,2m,0.6,0.9,3.0,22.0,,,,,,,,,,,,,,,,,,,,,,,,,,,,,,,,,,,,,,,,,,,,,,,,,,,,,,,,,,,,,,,,,,,,,,,,,,,,,,0.45,1,COMPLETE
77,77,-2.5708259135773446,2025-06-21 01:35:21.424838,2025-06-21 01:35:21.676175,0 days 00:00:00.251337,,,,,,,,,,,,,,,24.0,0.0325,4m,0.6,0.8,1.5,38.0,,,,,,,,,,,,,,,,,,,,,,,,,,,,,,,,,,,,,,,,,,,,,,,,,,,,,,,,,,,,,,,,,,,,,,,0.5,1,COMPLETE
78,78,-37.841416566243794,2025-06-21 01:35:21.695941,2025-06-21 01:35:22.143595,0 days 00:00:00.447654,,,,,,,,,,,,,,,64.0,0.0375,5m,0.7,0.6,2.0,20.0,,,,,,,,,,,,,,,,,,,,,,,,,,,,,22.0,0.025,1m,0.7,0.7,2.5,20.0,,,,,,,,,,,,,,,,,,,,,,,,,,,,,,,,,,,,0.45,2,COMPLETE
79,79,-175.4405938835438,2025-06-21 01:35:22.164624,2025-06-21 01:35:22.623171,0 days 00:00:00.458547,,,,,,,,,,,,,,,,,,,,,,,,,,,,,44.0,0.035,1m,0.6,0.9,1.5,10.0,,,,,,,,10.0,0.035,3m,0.8,0.8,2.5,56.0,,,,,,,,,,,,,,,,,,,,,,,,,,,,,,,,,,,,,,,,,,,0.1,2,COMPLETE
80,80,-22.38329643248116,2025-06-21 01:35:22.640009,2025-06-21 01:35:22.906805,0 days 00:00:00.266796,56.0,0.045000000000000005,1m,1.0,0.6,2.0,42.0,,,,,,,,,,,,,,,,,,,,,,,,,,,,,,,,,,,,,,,,,,,,,,,,,,,,,,,,,,,,,,,,,,,,,,,,,,,,,,,,,,,,,0.4,1,COMPLETE
81,81,-8.710788842762815,2025-06-21 01:35:22.925820,2025-06-21 01:35:23.377088,0 days 00:00:00.451268,,,,,,,,44.0,0.0175,2m,0.7,0.5,2.5,50.0,,,,,,,,,,,,,,,,,,,,,,54.0,0.025,5m,0.8,0.8,2.0,36.0,,,,,,,,,,,,,,,,,,,,,,,,,,,,,,,,,,,,,,,,,,,,,,,,,,0.45,2,COMPLETE
82,82,-2.276395235800264,2025-06-21 01:35:23.395862,2025-06-21 01:35:23.651615,0 days 00:00:00.255753,,,,,,,,,,,,,,,,,,,,,,,,,,,,,,,,,,,,,,,,,,,,,,,,,,16.0,0.0425,4m,0.6,0.6,2.0,24.0,,,,,,,,,,,,,,,,,,,,,,,,,,,,,,,,,,,,0.45,1,COMPLETE
83,83,-5.425431657577681,2025-06-21 01:35:23.669976,2025-06-21 01:35:23.931909,0 days 00:00:00.261933,,,,,,,,,,,,,,,44.0,0.045000000000000005,2m,0.6,0.8,3.0,48.0,,,,,,,,,,,,,,,,,,,,,,,,,,,,,,,,,,,,,,,,,,,,,,,,,,,,,,,,,,,,,,,,,,,,,,,0.5,1,COMPLETE
84,84,-1.892090189283412,2025-06-21 01:35:23.949641,2025-06-21 01:35:24.208765,0 days 00:00:00.259124,,,,,,,,,,,,,,,,,,,,,,,,,,,,,,,,,,,,,,,,,,,,,,,,,,16.0,0.045000000000000005,4m,0.6,0.6,2.0,22.0,,,,,,,,,,,,,,,,,,,,,,,,,,,,,,,,,,,,0.45,1,COMPLETE
85,85,-3.8997897172779505,2025-06-21 01:35:24.226778,2025-06-21 01:35:24.487205,0 days 00:00:00.260427,,,,,,,,,,,,,,,,,,,,,,,,,,,,,,,,,,,,,,,,,,,,,,,,,,,,,,,,,,,,,,,,,,,,,,,,,,,,,,12.0,0.025,4m,0.6,0.9,2.0,18.0,,,,,,,,0.5,1,COMPLETE
86,86,-8.74892868810313,2025-06-21 01:35:24.505611,2025-06-21 01:35:24.966550,0 days 00:00:00.460939,,,,,,,,,,,,,,,,,,,,,,,,,,,,,,,,,,,,,,,,,,,,,,,,,,26.0,0.045000000000000005,4m,0.5,0.5,2.0,16.0,,,,,,,,,,,,,,,32.0,0.0475,2m,0.7,0.7,2.0,46.0,,,,,,,,,,,,,,,0.4,2,COMPLETE
87,87,-2.4251285216237726,2025-06-21 01:35:24.983577,2025-06-21 01:35:25.236842,0 days 00:00:00.253265,,,,,,,,,,,,,,,,,,,,,,,,,,,,,,,,,,,,,,,,,,,,,,,,,,,,,,,,,,,,,,,,,,,,,,,,,,,,,,24.0,0.0175,4m,0.7,0.7,2.5,50.0,,,,,,,,0.25,1,COMPLETE
88,88,-11.792061091994936,2025-06-21 01:35:25.256003,2025-06-21 01:35:27.317264,0 days 00:00:02.061261,44.0,0.0325,5m,0.8,0.5,3.0,22.0,18.0,0.025,4m,0.9,0.7,3.0,32.0,56.0,0.025,3m,0.8,0.5,1.5,56.0,,,,,,,,16.0,0.027500000000000004,1m,0.7,0.7,2.0,64.0,36.0,0.0375,2m,0.5,0.5,2.5,18.0,58.0,0.015,4m,0.9,0.9,1.5,34.0,18.0,0.0325,4m,0.6,0.6,2.0,40.0,,,,,,,,,,,,,,,58.0,0.035,5m,0.8,0.8,2.5,24.0,58.0,0.04,5m,0.8,0.9,2.5,64.0,54.0,0.025,3m,0.5,1.0,1.5,26.0,0.45,10,COMPLETE
89,89,-1.3607083411109737,2025-06-21 01:35:27.337282,2025-06-21 01:35:27.587098,0 days 00:00:00.249816,,,,,,,,,,,,,,,,,,,,,,,,,,,,,,,,,,,,,,,,,,,,,,,,,,,,,,,,,,,,,,,,32.0,0.015,5m,0.8,0.7,2.0,58.0,,,,,,,,,,,,,,,,,,,,,,0.5,1,COMPLETE
90,90,-8.402463198603236,2025-06-21 01:35:27.607113,2025-06-21 01:35:29.465870,0 days 00:00:01.858757,20.0,0.045000000000000005,5m,0.5,0.7,2.5,56.0,,,,,,,,,,,,,,,10.0,0.01,3m,0.8,0.8,2.5,14.0,58.0,0.02,3m,0.8,0.8,2.5,24.0,48.0,0.03,1m,0.7,0.7,2.0,48.0,46.0,0.045000000000000005,5m,0.6,0.6,3.0,18.0,,,,,,,,34.0,0.045000000000000005,2m,0.9,0.6,1.5,44.0,32.0,0.015,5m,0.7,0.8,2.0,58.0,42.0,0.0175,3m,1.0,1.0,1.5,56.0,,,,,,,,40.0,0.015,3m,0.7,0.8,2.0,38.0,0.45,9,COMPLETE
91,91,-3.343690376770112,2025-06-21 01:35:29.488043,2025-06-21 01:35:29.748696,0 days 00:00:00.260653,38.0,0.04,2m,0.7,0.8,1.5,44.0,,,,,,,,,,,,,,,,,,,,,,,,,,,,,,,,,,,,,,,,,,,,,,,,,,,,,,,,,,,,,,,,,,,,,,,,,,,,,,,,,,,,,0.5,1,COMPLETE
92,92,-3.370316417049489,2025-06-21 01:35:29.766768,2025-06-21 01:35:30.024274,0 days 00:00:00.257506,,,,,,,,,,,,,,,,,,,,,,,,,,,,,,,,,,,,38.0,0.045000000000000005,3m,0.6,0.6,3.0,30.0,,,,,,,,,,,,,,,,,,,,,,,,,,,,,,,,,,,,,,,,,,,,,,,,,,0.5,1,COMPLETE
93,93,-36.220954783857835,2025-06-21 01:35:30.043214,2025-06-21 01:35:31.685896,0 days 00:00:01.642682,,,,,,,,56.0,0.045000000000000005,1m,0.8,0.6,2.0,60.0,30.0,0.035,3m,0.5,0.7,2.5,32.0,,,,,,,,32.0,0.05,5m,1.0,1.0,1.5,44.0,60.0,0.03,4m,0.8,0.8,2.5,42.0,,,,,,,,,,,,,,,40.0,0.0125,2m,0.7,0.7,2.0,10.0,,,,,,,,60.0,0.03,1m,0.5,0.5,3.0,38.0,30.0,0.0475,2m,0.6,0.8,2.0,38.0,60.0,0.035,4m,0.6,0.9,2.5,50.0,0.5,8,COMPLETE
94,94,-5.510316867455486,2025-06-21 01:35:31.709656,2025-06-21 01:35:32.002209,0 days 00:00:00.292553,,,,,,,,,,,,,,,16.0,0.0475,3m,0.9,0.6,2.0,20.0,,,,,,,,,,,,,,,,,,,,,,,,,,,,,,,,,,,,,,,,,,,,,,,,,,,,,,,,,,,,,,,,,,,,,,,0.45,1,COMPLETE
95,95,-5.43016353305501,2025-06-21 01:35:32.024900,2025-06-21 01:35:32.899810,0 days 00:00:00.874910,,,,,,,,40.0,0.015,5m,1.0,0.8,2.5,52.0,,,,,,,,,,,,,,,24.0,0.045000000000000005,2m,0.5,0.5,3.0,34.0,,,,,,,,,,,,,,,,,,,,,,,,,,,,,42.0,0.01,5m,0.8,0.7,2.0,56.0,,,,,,,,,,,,,,,52.0,0.015,3m,0.8,0.7,1.5,10.0,0.5,4,COMPLETE
96,96,-2.01076817101916,2025-06-21 01:35:32.919857,2025-06-21 01:35:33.358842,0 days 00:00:00.438985,,,,,,,,,,,,,,,,,,,,,,,,,,,,,,,,,,,,50.0,0.02,5m,0.9,0.9,2.0,56.0,,,,,,,,,,,,,,,,,,,,,,30.0,0.015,5m,0.9,0.6,1.5,64.0,,,,,,,,,,,,,,,,,,,,,,0.45,2,COMPLETE
97,97,-47.812695324641055,2025-06-21 01:35:33.379017,2025-06-21 01:35:33.828103,0 days 00:00:00.449086,56.0,0.025,1m,0.6,0.9,2.0,34.0,,,,,,,,,,,,,,,,,,,,,,,,,,,,,,,,,,,,,,,,,,,,,,,,,,,,,,,,,,,,,,,,,,,,,,,,,,,,,,34.0,0.0175,3m,0.5,1.0,2.0,36.0,0.45,2,COMPLETE
98,98,-11.517090252834059,2025-06-21 01:35:33.847123,2025-06-21 01:35:34.493681,0 days 00:00:00.646558,,,,,,,,48.0,0.03,3m,0.7,0.7,1.5,42.0,,,,,,,,,,,,,,,,,,,,,,50.0,0.02,5m,0.9,0.9,2.0,56.0,,,,,,,,,,,,,,,50.0,0.045000000000000005,5m,0.8,0.8,2.5,18.0,,,,,,,,,,,,,,,,,,,,,,,,,,,,,0.4,3,COMPLETE
99,99,-81.76896129754178,2025-06-21 01:35:34.514179,2025-06-21 01:35:34.970891,0 days 00:00:00.456712,,,,,,,,,,,,,,,,,,,,,,,,,,,,,,,,,,,,56.0,0.02,5m,0.9,0.9,2.0,58.0,,,,,,,,,,,,,,,,,,,,,,,,,,,,,,,,,,,,18.0,0.027500000000000004,1m,0.5,0.6,1.5,14.0,,,,,,,,0.35000000000000003,2,COMPLETE
100,100,-9.053848845794136,2025-06-21 01:35:34.990897,2025-06-21 01:35:35.623575,0 days 00:00:00.632678,,,,,,,,,,,,,,,,,,,,,,,,,,,,,,,,,,,,,,,,,,,,,,,,,,30.0,0.05,4m,0.7,0.7,2.5,16.0,60.0,0.027500000000000004,3m,1.0,1.0,3.0,42.0,32.0,0.015,5m,0.8,0.7,2.0,64.0,,,,,,,,,,,,,,,,,,,,,,0.4,3,COMPLETE
101,101,-1.0724111495492346,2025-06-21 01:35:35.642355,2025-06-21 01:35:35.894570,0 days 00:00:00.252215,,,,,,,,,,,,,,,,,,,,,,,,,,,,,,,,,,,,,,,,,,,,,,,,,,,,,,,,,,,,,,,,30.0,0.015,5m,0.9,0.6,1.5,58.0,,,,,,,,,,,,,,,,,,,,,,0.5,1,COMPLETE
102,102,-50.214146771766245,2025-06-21 01:35:35.913291,2025-06-21 01:35:36.374912,0 days 00:00:00.461621,48.0,0.0475,4m,0.8,0.6,2.5,56.0,,,,,,,,34.0,0.0225,1m,0.7,0.5,1.5,42.0,,,,,,,,,,,,,,,,,,,,,,,,,,,,,,,,,,,,,,,,,,,,,,,,,,,,,,,,,,,,,,,,,,,,,,,0.45,2,COMPLETE
103,103,-49.13882654780642,2025-06-21 01:35:36.394092,2025-06-21 01:35:36.655950,0 days 00:00:00.261858,,,,,,,,,,,,,,,,,,,,,,,,,,,,,,,,,,,,,,,,,,,,,,,,,,,,,,,,,18.0,0.0375,1m,0.5,0.5,1.5,32.0,,,,,,,,,,,,,,,,,,,,,,,,,,,,,0.45,1,COMPLETE
104,104,-1.0241361067695558,2025-06-21 01:35:36.676977,2025-06-21 01:35:36.982385,0 days 00:00:00.305408,,,,,,,,,,,,,,,,,,,,,,,,,,,,,,,,,,,,,,,,,,,,,,,,,,,,,,,,,,,,,,,,30.0,0.0175,5m,0.9,0.6,1.5,60.0,,,,,,,,,,,,,,,,,,,,,,0.5,1,COMPLETE
105,105,-0.9359599332682471,2025-06-21 01:35:37.004417,2025-06-21 01:35:37.282760,0 days 00:00:00.278343,,,,,,,,,,,,,,,,,,,,,,,,,,,,,,,,,,,,40.0,0.01,5m,1.0,0.8,2.5,46.0,,,,,,,,,,,,,,,,,,,,,,,,,,,,,,,,,,,,,,,,,,,,,,,,,,0.5,1,COMPLETE
106,106,-5.035385850744471,2025-06-21 01:35:37.300792,2025-06-21 01:35:37.573279,0 days 00:00:00.272487,,,,,,,,,,,,,,,20.0,0.0425,4m,0.6,0.7,2.0,18.0,,,,,,,,,,,,,,,,,,,,,,,,,,,,,,,,,,,,,,,,,,,,,,,,,,,,,,,,,,,,,,,,,,,,,,,0.5,1,COMPLETE
107,107,-2.22563752718807,2025-06-21 01:35:37.593303,2025-06-21 01:35:37.862496,0 days 00:00:00.269193,,,,,,,,,,,,,,,,,,,,,,,,,,,,,,,,,,,,,,,,,,,,,,,,,,,,,,,,,,,,,,,,,,,,,,,,,,,,,,,,,,,,,18.0,0.045000000000000005,2m,1.0,0.5,3.0,64.0,0.5,1,COMPLETE
108,108,-17.117583747761532,2025-06-21 01:35:37.895034,2025-06-21 01:35:39.102922,0 days 00:00:01.207888,,,,,,,,,,,,,,,44.0,0.015,5m,0.9,0.6,1.5,32.0,,,,,,,,,,,,,,,42.0,0.01,5m,1.0,0.8,2.5,48.0,,,,,,,,42.0,0.0375,3m,0.5,0.5,3.0,54.0,,,,,,,,,,,,,,,,,,,,,,40.0,0.015,4m,0.7,0.7,2.5,24.0,28.0,0.05,1m,0.9,0.6,3.0,20.0,0.5,5,COMPLETE
109,109,-1.179366050399086,2025-06-21 01:35:39.124510,2025-06-21 01:35:39.444693,0 days 00:00:00.320183,,,,,,,,,,,,,,,,,,,,,,,,,,,,,,,,,,,,36.0,0.015,5m,1.0,1.0,2.5,54.0,,,,,,,,,,,,,,,,,,,,,,,,,,,,,,,,,,,,,,,,,,,,,,,,,,0.5,1,COMPLETE
110,110,-12.438759341263596,2025-06-21 01:35:39.463718,2025-06-21 01:35:40.744744,0 days 00:00:01.281026,,,,,,,,22.0,0.035,2m,0.9,0.5,3.0,48.0,,,,,,,,20.0,0.027500000000000004,3m,1.0,1.0,3.0,44.0,,,,,,,,30.0,0.015,5m,1.0,1.0,2.5,44.0,,,,,,,,54.0,0.045000000000000005,4m,0.6,0.5,2.5,32.0,32.0,0.0225,4m,0.9,0.6,2.5,52.0,,,,,,,,48.0,0.01,4m,0.6,0.6,2.5,14.0,,,,,,,,,,,,,,,0.5,6,COMPLETE
111,111,-5.144271405860677,2025-06-21 01:35:40.775868,2025-06-21 01:35:41.038230,0 days 00:00:00.262362,,,,,,,,32.0,0.02,2m,0.6,0.9,2.0,24.0,,,,,,,,,,,,,,,,,,,,,,,,,,,,,,,,,,,,,,,,,,,,,,,,,,,,,,,,,,,,,,,,,,,,,,,,,,,,,,0.5,1,COMPLETE
112,112,-60.095452311296555,2025-06-21 01:35:41.055807,2025-06-21 01:35:41.310925,0 days 00:00:00.255118,,,,,,,,14.0,0.0125,1m,0.5,0.6,2.5,42.0,,,,,,,,,,,,,,,,,,,,,,,,,,,,,,,,,,,,,,,,,,,,,,,,,,,,,,,,,,,,,,,,,,,,,,,,,,,,,,0.5,1,COMPLETE
113,113,-5.5344313013668875,2025-06-21 01:35:41.328793,2025-06-21 01:35:41.578360,0 days 00:00:00.249567,,,,,,,,,,,,,,,,,,,,,,,,,,,,,,,,,,,,,,,,,,,,,,,,,,,,,,,,,,,,,,,,,,,,,,,,,,,,,,58.0,0.0375,4m,0.8,0.8,3.0,34.0,,,,,,,,0.5,1,COMPLETE
114,114,-2.308004588936087,2025-06-21 01:35:41.597262,2025-06-21 01:35:42.038670,0 days 00:00:00.441408,,,,,,,,,,,,,,,,,,,,,,30.0,0.0175,4m,0.9,0.9,2.5,18.0,,,,,,,,,,,,,,,,,,,,,,,,,,,,,,,,,,,,30.0,0.015,5m,0.9,0.6,1.5,60.0,,,,,,,,,,,,,,,,,,,,,,0.45,2,COMPLETE
115,115,-2.0337195113275324,2025-06-21 01:35:42.058124,2025-06-21 01:35:42.313750,0 days 00:00:00.255626,,,,,,,,,,,,,,,,,,,,,,40.0,0.035,2m,0.8,0.8,3.0,30.0,,,,,,,,,,,,,,,,,,,,,,,,,,,,,,,,,,,,,,,,,,,,,,,,,,,,,,,,,,,,,,,,0.5,1,COMPLETE
116,116,-0.4900961820379523,2025-06-21 01:35:42.331943,2025-06-21 01:35:42.585714,0 days 00:00:00.253771,,,,,,,,,,,,,,,,,,,,,,,,,,,,,,,,,,,,38.0,0.02,5m,1.0,0.9,2.5,54.0,,,,,,,,,,,,,,,,,,,,,,,,,,,,,,,,,,,,,,,,,,,,,,,,,,0.3,1,COMPLETE
117,117,-1.7369163221157846,2025-06-21 01:35:42.603421,2025-06-21 01:35:42.862306,0 days 00:00:00.258885,,,,,,,,,,,,,,,,,,,,,,,,,,,,,,,,,,,,,,,,,,,,,,,,,,,,,,,,,,,,,,,,40.0,0.025,2m,1.0,0.5,2.5,56.0,,,,,,,,,,,,,,,,,,,,,,0.3,1,COMPLETE
118,118,-1.5311467681230528,2025-06-21 01:35:42.881332,2025-06-21 01:35:43.136435,0 days 00:00:00.255103,,,,,,,,,,,,,,,,,,,,,,,,,,,,,,,,,,,,36.0,0.0125,5m,1.0,1.0,2.5,52.0,,,,,,,,,,,,,,,,,,,,,,,,,,,,,,,,,,,,,,,,,,,,,,,,,,0.35000000000000003,1,COMPLETE
119,119,-6.1324849747362675,2025-06-21 01:35:43.156544,2025-06-21 01:35:43.408468,0 days 00:00:00.251924,,,,,,,,,,,,,,,,,,,,,,,,,,,,,,,,,,,,,,,,,,,16.0,0.027500000000000004,5m,0.7,0.7,2.0,40.0,,,,,,,,,,,,,,,,,,,,,,,,,,,,,,,,,,,,,,,,,,,0.3,1,COMPLETE
120,120,-2.760102140786517,2025-06-21 01:35:43.425224,2025-06-21 01:35:43.681903,0 days 00:00:00.256679,,,,,,,,,,,,,,,,,,,,,,,,,,,,,,,,,,,,,,,,,,,,,,,,,,,,,,,,,,,,,,,,,,,,,,,,,,,,,,48.0,0.0225,2m,0.9,0.9,2.0,48.0,,,,,,,,0.3,1,COMPLETE
121,121,-6.308796877447859,2025-06-21 01:35:43.700406,2025-06-21 01:35:43.962126,0 days 00:00:00.261720,,,,,,,,,,,,,,,,,,,,,,,,,,,,,,,,,,,,,,,,,,,34.0,0.0375,2m,0.8,0.8,2.5,46.0,,,,,,,,,,,,,,,,,,,,,,,,,,,,,,,,,,,,,,,,,,,0.25,1,COMPLETE
122,122,-6.954244367276955,2025-06-21 01:35:43.980140,2025-06-21 01:35:44.241237,0 days 00:00:00.261097,,,,,,,,22.0,0.045000000000000005,3m,0.8,0.7,3.0,16.0,,,,,,,,,,,,,,,,,,,,,,,,,,,,,,,,,,,,,,,,,,,,,,,,,,,,,,,,,,,,,,,,,,,,,,,,,,,,,,0.3,1,COMPLETE
123,123,-8.857359750722022,2025-06-21 01:35:44.260827,2025-06-21 01:35:44.516350,0 days 00:00:00.255523,,,,,,,,,,,,,,,58.0,0.04,2m,0.7,0.8,2.5,64.0,,,,,,,,,,,,,,,,,,,,,,,,,,,,,,,,,,,,,,,,,,,,,,,,,,,,,,,,,,,,,,,,,,,,,,,0.35000000000000003,1,COMPLETE
124,124,-7.12269872788858,2025-06-21 01:35:44.533231,2025-06-21 01:35:44.791717,0 days 00:00:00.258486,,,,,,,,,,,,,,,,,,,,,,,,,,,,,,,,,,,,,,,,,,,,,,,,,,,,,,,,,46.0,0.0475,2m,0.6,0.9,2.0,60.0,,,,,,,,,,,,,,,,,,,,,,,,,,,,,0.3,1,COMPLETE
125,125,-1.1330139641888815,2025-06-21 01:35:44.809226,2025-06-21 01:35:45.077162,0 days 00:00:00.267936,,,,,,,,,,,,,,,,,,,,,,,,,,,,,,,,,,,,,,,,,,,,,,,,,,,,,,,,,,,,,,,,40.0,0.0225,2m,1.0,0.5,2.5,58.0,,,,,,,,,,,,,,,,,,,,,,0.25,1,COMPLETE
126,126,-6.21958903174356,2025-06-21 01:35:45.096647,2025-06-21 01:35:45.349945,0 days 00:00:00.253298,,,,,,,,,,,,,,,,,,,,,,,,,,,,,14.0,0.0125,4m,0.6,0.9,2.0,30.0,,,,,,,,,,,,,,,,,,,,,,,,,,,,,,,,,,,,,,,,,,,,,,,,,,,,,,,,,0.2,1,COMPLETE
127,127,-5.834897200453674,2025-06-21 01:35:45.368468,2025-06-21 01:35:45.625958,0 days 00:00:00.257490,,,,,,,,,,,,,,,,,,,,,,,,,,,,,,,,,,,,,,,,,,,,,,,,,,,,,,,,,,,,,,,,,,,,,,,24.0,0.025,2m,0.9,0.9,2.0,32.0,,,,,,,,,,,,,,,0.25,1,COMPLETE
128,128,-6.017130620424597,2025-06-21 01:35:45.644204,2025-06-21 01:35:46.101583,0 days 00:00:00.457379,,,,,,,,,,,,,,,10.0,0.03,3m,0.5,0.9,2.0,54.0,,,,,,,,,,,,,,,,,,,,,,,,,,,,,,,,,,,,,,,,,,,,,,,,,,,,,,,,,,,,,,,,42.0,0.0325,5m,0.8,0.7,2.5,58.0,0.25,2,COMPLETE
129,129,-5.494621234336761,2025-06-21 01:35:46.120111,2025-06-21 01:35:46.377786,0 days 00:00:00.257675,,,,,,,,,,,,,,,,,,,,,,,,,,,,,,,,,,,,,,,,,,,,,,,,,,,,,,,,,,,,,,,,,,,,,,,14.0,0.02,4m,1.0,1.0,1.5,44.0,,,,,,,,,,,,,,,0.3,1,COMPLETE
130,130,-1.5475563516389437,2025-06-21 01:35:46.396807,2025-06-21 01:35:46.643013,0 days 00:00:00.246206,,,,,,,,,,,,,,,,,,,,,,58.0,0.0425,5m,0.5,0.5,2.0,58.0,,,,,,,,,,,,,,,,,,,,,,,,,,,,,,,,,,,,,,,,,,,,,,,,,,,,,,,,,,,,,,,,0.25,1,COMPLETE
131,131,-4.80783666222759,2025-06-21 01:35:46.660586,2025-06-21 01:35:46.919268,0 days 00:00:00.258682,60.0,0.015,3m,0.7,1.0,3.0,54.0,,,,,,,,,,,,,,,,,,,,,,,,,,,,,,,,,,,,,,,,,,,,,,,,,,,,,,,,,,,,,,,,,,,,,,,,,,,,,,,,,,,,,0.25,1,COMPLETE
132,132,-4.280046506942342,2025-06-21 01:35:46.936799,2025-06-21 01:35:47.190231,0 days 00:00:00.253432,,,,,,,,,,,,,,,,,,,,,,,,,,,,,,,,,,,,,,,,,,,,,,,,,,,,,,,,,,,,,,,,,,,,,,,,,,,,,,54.0,0.045000000000000005,5m,1.0,1.0,2.5,22.0,,,,,,,,0.25,1,COMPLETE
133,133,-1.531213260558736,2025-06-21 01:35:47.208748,2025-06-21 01:35:47.456866,0 days 00:00:00.248118,,,,,,,,,,,,,,,,,,,,,,,,,,,,,,,,,,,,36.0,0.0125,5m,1.0,1.0,2.5,52.0,,,,,,,,,,,,,,,,,,,,,,,,,,,,,,,,,,,,,,,,,,,,,,,,,,0.3,1,COMPLETE
134,134,-7.431096169554303,2025-06-21 01:35:47.475290,2025-06-21 01:35:47.726956,0 days 00:00:00.251666,,,,,,,,,,,,,,,,,,,,,,,,,,,,,46.0,0.015,2m,0.9,0.6,2.5,20.0,,,,,,,,,,,,,,,,,,,,,,,,,,,,,,,,,,,,,,,,,,,,,,,,,,,,,,,,,0.2,1,COMPLETE
135,135,-7.504610052172346,2025-06-21 01:35:47.745885,2025-06-21 01:35:48.015927,0 days 00:00:00.270042,,,,,,,,,,,,,,,,,,,,,,,,,,,,,54.0,0.0225,4m,0.7,0.8,3.0,10.0,,,,,,,,,,,,,,,,,,,,,,,,,,,,,,,,,,,,,,,,,,,,,,,,,,,,,,,,,0.25,1,COMPLETE
136,136,-1.257962030963051,2025-06-21 01:35:48.035961,2025-06-21 01:35:48.493312,0 days 00:00:00.457351,,,,,,,,,,,,,,,50.0,0.045000000000000005,3m,1.0,0.5,1.5,42.0,,,,,,,,,,,,,,,,,,,,,,,,,,,,,,,,,,,,,,,,,,,,,,,,,,28.0,0.04,1m,0.7,0.7,3.0,40.0,,,,,,,,,,,,,,,0.35000000000000003,2,COMPLETE
137,137,-12.252756827126868,2025-06-21 01:35:48.513147,2025-06-21 01:35:48.962357,0 days 00:00:00.449210,,,,,,,,,,,,,,,42.0,0.045000000000000005,3m,1.0,0.5,1.5,44.0,,,,,,,,40.0,0.03,3m,0.8,0.7,1.5,40.0,,,,,,,,,,,,,,,,,,,,,,,,,,,,,,,,,,,,,,,,,,,,,,,,,,,,,,,,,0.35000000000000003,2,COMPLETE
138,138,-9.689383179830351,2025-06-21 01:35:48.981723,2025-06-21 01:35:49.438879,0 days 00:00:00.457156,54.0,0.035,5m,0.5,0.7,2.0,20.0,,,,,,,,,,,,,,,,,,,,,,52.0,0.035,2m,0.5,0.8,2.5,58.0,,,,,,,,,,,,,,,,,,,,,,,,,,,,,,,,,,,,,,,,,,,,,,,,,,,,,,,,,0.35000000000000003,2,COMPLETE
139,139,-113.7918959834127,2025-06-21 01:35:49.460967,2025-06-21 01:35:49.915597,0 days 00:00:00.454630,,,,,,,,,,,,,,,,,,,,,,,,,,,,,20.0,0.0475,1m,0.6,1.0,2.0,46.0,,,,,,,,,,,,,,,,,,,,,,,,,,,,,,,,,,,,,,,,,,,22.0,0.03,1m,0.6,0.6,1.5,14.0,,,,,,,,0.35000000000000003,2,COMPLETE
140,140,-7.265576483481699,2025-06-21 01:35:49.935730,2025-06-21 01:35:50.205322,0 days 00:00:00.269592,,,,,,,,,,,,,,,,,,,,,,,,,,,,,60.0,0.0425,2m,1.0,0.9,3.0,14.0,,,,,,,,,,,,,,,,,,,,,,,,,,,,,,,,,,,,,,,,,,,,,,,,,,,,,,,,,0.35000000000000003,1,COMPLETE
141,141,-13.826855610627602,2025-06-21 01:35:50.224473,2025-06-21 01:35:51.073918,0 days 00:00:00.849445,,,,,,,,38.0,0.025,4m,1.0,1.0,1.5,60.0,,,,,,,,,,,,,,,,,,,,,,36.0,0.0125,5m,1.0,1.0,2.5,52.0,18.0,0.05,1m,1.0,1.0,1.5,54.0,,,,,,,,,,,,,,,,,,,,,,,,,,,,,36.0,0.0125,4m,0.7,0.7,3.0,56.0,,,,,,,,0.3,4,COMPLETE
142,142,-6.61918854577775,2025-06-21 01:35:51.093978,2025-06-21 01:35:51.351836,0 days 00:00:00.257858,,,,,,,,18.0,0.04,3m,0.8,0.8,2.5,18.0,,,,,,,,,,,,,,,,,,,,,,,,,,,,,,,,,,,,,,,,,,,,,,,,,,,,,,,,,,,,,,,,,,,,,,,,,,,,,,0.3,1,COMPLETE
143,143,-3.923886321733344,2025-06-21 01:35:51.370149,2025-06-21 01:35:51.620232,0 days 00:00:00.250083,46.0,0.0425,5m,0.9,0.5,1.5,44.0,,,,,,,,,,,,,,,,,,,,,,,,,,,,,,,,,,,,,,,,,,,,,,,,,,,,,,,,,,,,,,,,,,,,,,,,,,,,,,,,,,,,,0.25,1,COMPLETE
144,144,-8.407078064851172,2025-06-21 01:35:51.638473,2025-06-21 01:35:51.891135,0 days 00:00:00.252662,,,,,,,,,,,,,,,,,,,,,,,,,,,,,48.0,0.015,5m,0.9,0.5,2.5,20.0,,,,,,,,,,,,,,,,,,,,,,,,,,,,,,,,,,,,,,,,,,,,,,,,,,,,,,,,,0.3,1,COMPLETE
145,145,-4.055292235253106,2025-06-21 01:35:51.909347,2025-06-21 01:35:52.166047,0 days 00:00:00.256700,,,,,,,,,,,,,,,,,,,,,,,,,,,,,,,,,,,,,,,,,,,,,,,,,,60.0,0.03,5m,1.0,1.0,3.0,58.0,,,,,,,,,,,,,,,,,,,,,,,,,,,,,,,,,,,,0.2,1,COMPLETE
146,146,1.704330397608618,2025-06-21 01:35:52.184405,2025-06-21 01:35:52.441680,0 days 00:00:00.257275,,,,,,,,,,,,,,,50.0,0.05,3m,0.8,0.5,1.5,42.0,,,,,,,,,,,,,,,,,,,,,,,,,,,,,,,,,,,,,,,,,,,,,,,,,,,,,,,,,,,,,,,,,,,,,,,0.35000000000000003,1,COMPLETE
147,147,-0.682957532212201,2025-06-21 01:35:52.459191,2025-06-21 01:35:52.913205,0 days 00:00:00.454014,,,,,,,,,,,,,,,50.0,0.05,3m,1.0,0.5,1.5,42.0,,,,,,,,,,,,,,,,,,,,,,,,,,,,,,,,,,,,,,,,,,,,,,,,,,28.0,0.04,1m,0.7,0.7,3.0,52.0,,,,,,,,,,,,,,,0.35000000000000003,2,COMPLETE
148,148,-38.30067225818437,2025-06-21 01:35:52.934261,2025-06-21 01:35:53.396888,0 days 00:00:00.462627,,,,,,,,,,,,,,,,,,,,,,,,,,,,,,,,,,,,26.0,0.0175,5m,1.0,0.9,2.5,60.0,,,,,,,,,,,,,,,,,,,,,,,,,,,,,28.0,0.04,1m,0.7,0.7,3.0,52.0,,,,,,,,,,,,,,,0.35000000000000003,2,COMPLETE
149,149,-24.995281359753502,2025-06-21 01:35:53.415918,2025-06-21 01:35:54.074224,0 days 00:00:00.658306,,,,,,,,12.0,0.02,5m,0.9,0.6,2.0,32.0,,,,,,,,,,,,,,,,,,,,,,,,,,,,,28.0,0.0225,3m,0.5,0.5,3.0,34.0,,,,,,,,,,,,,,,,,,,,,,22.0,0.045000000000000005,1m,0.8,0.8,3.0,42.0,,,,,,,,,,,,,,,0.35000000000000003,3,COMPLETE
